<productinfo
  xmlns:xsi="http://www.w3.org/2001/XMLSchema-instance"
  xsi:noNamespaceSchemaLocation="http://www.mathworks.com/namespace/info/v1/info.xsd">
<?xml-stylesheet type="text/xsl" href="http://www.mathworks.com/namespace/info/v1/info.xsl"?>

<matlabrelease>(R2013a)</matlabrelease>
<name>SimMechanics Link</name>
<type>matlab</type>
<icon>$toolbox/matlab/icons/matlabicon.gif</icon>
<help_location>$docroot/toolbox/physmod/smlink</help_location>

<list>

<listitem>
<label>Help</label>
<callback>doc smlink/</callback>
<icon>$toolbox/matlab/icons/book_mat.gif</icon>
</listitem>

<listitem>
<label>Demos</label>
<callback>demo('Matlab','SimMechanics Link')</callback>
<icon>$toolbox/matlab/icons/demoicon.gif</icon>
</listitem>

</list>

</productinfo>
